BatchSize, KernelName, MeanMatrixSize, BlockWidth, MaxDevices, KernelNum, QueueTimeMS, KernelExecTimeMS, TotalExecTimeMS, FloatingPtOps, MemBytes, MFLOPs, MBps
4, MatrixMultiply, 256, 16, 2, 0, 0.007083, 39.7457, 39.7457, 5.77003e+07, 7.88389e+07, 1451.74, 1891.69
4, MatrixMultiply, 256, 16, 2, 1, 0.027209, 108.461, 108.461, 1.69616e+08, 2.32026e+08, 1563.84, 2040.15
4, MatrixMultiply, 256, 16, 2, 2, 0.008125, 86.1928, 86.1928, 1.29743e+08, 1.77429e+08, 1505.27, 1963.15
4, MatrixMultiply, 256, 16, 2, 3, 0.02175, 83.1191, 83.1191, 1.25913e+08, 1.72192e+08, 1514.86, 1975.66
